{
  "project_info": {
    "project_number": "374083995684",
    "firebase_url": "https://myionic-cddd5.firebaseio.com",
    "project_id": "myionic-cddd5",
    "storage_bucket": "myionic-cddd5.appspot.com"
  },
  "client": [
    {
      "client_info": {
        "mobilesdk_app_id": "1:374083995684:android:440f564344ce7fd5",
        "android_client_info": {
          "package_name": "com.unilog.ionicdemoapp"
        }
      },
      "oauth_client": [
        {
          "client_id": "374083995684-2sj3u5tf1r3phev5gopqmeffrb5lpaqo.apps.googleusercontent.com",
          "client_type": 3
        }
      ],
      "api_key": [
        {
          "current_key": "AIzaSyDyoAlMgJvpV0xRLG2wzNkCMQlwSHzI5ac"
        }
      ],
      "services": {
        "analytics_service": {
          "status": 1
        },
        "appinvite_service": {
          "status": 1,
          "other_platform_oauth_client": []
        },
        "ads_service": {
          "status": 2
        }
      }
    }
  ],
  "configuration_version": "1"
}